{
  "1" : [ 1.0, -0.02236809291585965, -0.03293678908405017, 0.006056741312691966, 0.0, 0.07596334057717674, 0.03286725040797561, 0.09855655681624531, 0.1442149876003076, 0.003032852366140123, -0.10369516947304255, 0.0, -0.09728462056565515, 0.052211431900315915, 0.0, 0.0, 0.0, 0.0, 0.0 ],
  "2" : [ -0.02236809291585965, 1.0000000000000002, 0.0, -0.003692140945879737, 0.10959402918655681, 0.0, 0.0, 0.2978931307988405, 0.0, 0.0, -0.07190335875666365, 0.0, 0.06342225284999851, -0.06033995826751114, 0.11173301586588942, 0.0, -0.013548195365085143, -0.1490301490159363, 0.0 ],
  "3" : [ -0.03293678908405017, 0.0, 0.9999999999999998, 0.06617873541930926, 0.0, -0.1703101840489403, 0.14724120932257823, -0.0030494009777549537, 0.11856440163131388, 0.1483584040372754, 0.0, 0.2679376815128739, -0.16474987742072994, -0.009692724459742822, 0.0, 0.0, 0.0, 0.0, 0.0 ],
  "4" : [ 0.006056741312691966, -0.003692140945879737, 0.06617873541930926, 1.0000000000000002, -0.09519260001508212, 3.9183514826481583E-4, 0.03934669907299708, 5.87456465030934E-4, 0.0, -0.07402788495182373, 0.0, -0.05574664084147486, 0.02041159854121865, -0.003267721744716281, -8.143063281296818E-4, 0.0, 0.0, 0.0, -0.13625951081996862 ],
  "5" : [ 0.0, 0.10959402918655681, 0.0, -0.09519260001508212, 1.0, -0.029377221515303784, -0.07214626703476895, 0.0, -0.08382867153854964, 0.0, 0.0, 0.05033695832619325, 0.2101019845741963, -0.15388620014256088, 0.0, 0.0, 0.02981276750091475, -0.12918865917063058, 0.1888141941724601 ],
  "6" : [ 0.07596334057717674, 0.0, -0.1703101840489403, 3.9183514826481583E-4, -0.029377221515303784, 1.0, -0.05891013507679062, 0.0, -0.009329852164886816, 0.020052407941725504, -0.06104699393038813, 0.13968490951186377, 0.09300743902896816, -0.02758511500038691, -0.1367951238480107, 0.0, -0.1495339854602326, 0.0, 0.0 ],
  "7" : [ 0.03286725040797561, 0.0, 0.14724120932257823, 0.03934669907299708, -0.07214626703476895, -0.05891013507679062, 1.0000000000000002, 0.019378868666483275, 0.04640161686673094, -0.15019643909908117, -0.05838742081211422, 0.0504187182883521, -0.0012752514536572023, 0.09146225219516076, 0.11965860528261982, 0.0, 0.0, 0.0, -0.1430193883868388 ],
  "8" : [ 0.09855655681624531, 0.2978931307988405, -0.0030494009777549537, 5.87456465030934E-4, 0.0, 0.0, 0.019378868666483275, 1.0, -0.06993862082455536, -0.04633066041350934, -0.12320583516653345, 0.06719414495730149, 0.1049475779231603, -0.01772434973230794, 0.0, 0.0, 0.0, 0.0, 0.0 ],
  "9" : [ 0.1442149876003076, 0.0, 0.11856440163131388, 0.0, -0.08382867153854964, -0.009329852164886816, 0.04640161686673094, -0.06993862082455536, 0.9999999999999998, -0.09684904112621544, 0.0, -0.12641563071399092, 0.0, -0.05557614312548792, 0.0, -0.16222142113076252, 0.0, 0.0, 0.0 ],
  "10" : [ 0.003032852366140123, 0.0, 0.1483584040372754, -0.07402788495182373, 0.0, 0.020052407941725504, -0.15019643909908117, -0.04633066041350934, -0.09684904112621544, 1.0000000000000002, 0.046308967628784774, 0.14344987550775146, -0.18557326853291023, 0.08345022063823543, 0.0, 0.13731404461728897, 0.11343334120558651, 0.0, 0.23880703411702425 ],
  "11" : [ -0.10369516947304255, -0.07190335875666365, 0.0, 0.0, 0.0, -0.06104699393038813, -0.05838742081211422, -0.12320583516653345, 0.0, 0.046308967628784774, 1.0000000000000002, 0.0, 0.0, -0.02797271194322297, 0.0, 0.0, 0.0, 0.0, 0.0 ],
  "12" : [ 0.0, 0.0, 0.2679376815128739, -0.05574664084147486, 0.05033695832619325, 0.13968490951186377, 0.0504187182883521, 0.06719414495730149, -0.12641563071399092, 0.14344987550775146, 0.0, 1.0, 0.1061231375376491, 0.0, -0.2444966212158726, 0.0, 0.0, 0.0, 0.0 ],
  "13" : [ -0.09728462056565515, 0.06342225284999851, -0.16474987742072994, 0.02041159854121865, 0.2101019845741963, 0.09300743902896816, -0.0012752514536572023, 0.1049475779231603, 0.0, -0.18557326853291023, 0.0, 0.1061231375376491, 1.0, -0.09389308290364584, 0.0, 0.0, 0.0, 0.0, 0.0 ],
  "14" : [ 0.052211431900315915, -0.06033995826751114, -0.009692724459742822, -0.003267721744716281, -0.15388620014256088, -0.02758511500038691, 0.09146225219516076, -0.01772434973230794, -0.05557614312548792, 0.08345022063823543, -0.02797271194322297, 0.0, -0.09389308290364584, 0.9999999999999999, 0.0, 0.0, 0.0, 0.0, 0.03425943549137658 ],
  "15" : [ 0.0, 0.11173301586588942, 0.0, -8.143063281296818E-4, 0.0, -0.1367951238480107, 0.11965860528261982, 0.0, 0.0, 0.0, 0.0, -0.2444966212158726, 0.0, 0.0, 1.0, 0.0, 0.0, 0.0, 0.0 ],
  "16" : [ 0.0, 0.0, 0.0, 0.0, 0.0, 0.0, 0.0, 0.0, -0.16222142113076252, 0.13731404461728897, 0.0, 0.0, 0.0, 0.0, 0.0, 0.9999999999999998, 0.0, 0.0, 0.0 ],
  "17" : [ 0.0, -0.013548195365085143, 0.0, 0.0, 0.02981276750091475, -0.1495339854602326, 0.0, 0.0, 0.0, 0.11343334120558651, 0.0, 0.0, 0.0, 0.0, 0.0, 0.0, 0.9999999999999998, 0.0, 0.0 ],
  "21" : [ 0.0, -0.1490301490159363, 0.0, 0.0, -0.12918865917063058, 0.0, 0.0, 0.0, 0.0, 0.0, 0.0, 0.0, 0.0, 0.0, 0.0, 0.0, 0.0, 0.9999999999999998, 0.0 ],
  "25" : [ 0.0, 0.0, 0.0, -0.13625951081996862, 0.1888141941724601, 0.0, -0.1430193883868388, 0.0, 0.0, 0.23880703411702425, 0.0, 0.0, 0.0, 0.03425943549137658, 0.0, 0.0, 0.0, 0.0, 0.9999999999999998 ]
}